{"cameraMode":{"drawMode":0,"name":"Shaded","section":"Shading Mode"},"sceneLighting":false,"audioPlay":false,"sceneViewState":{"showFog":true,"showMaterialUpdate":false,"showSkybox":true,"showFlares":true,"showImageEffects":true,"showParticleSystems":true},"in2DMode":false,"pivot":{"x":12.883529663085938,"y":1.7813818454742432,"z":4.530303001403809},"rotation":{"x":0.07339237630367279,"y":-0.925960898399353,"z":0.2431635856628418,"w":0.27945366501808169},"size":2.8942339420318605,"orthographic":false}