{"cameraMode":{"drawMode":0,"name":"Shaded","section":"Shading Mode"},"sceneLighting":true,"audioPlay":false,"sceneViewState":{"showFog":true,"showMaterialUpdate":false,"showSkybox":true,"showFlares":true,"showImageEffects":true,"showParticleSystems":true},"in2DMode":false,"pivot":{"x":-13.15108871459961,"y":-0.027639389038085939,"z":-5.521751403808594},"rotation":{"x":0.12354567646980286,"y":-0.67897629737854,"z":0.11746438592672348,"w":0.7141017317771912},"size":36.890682220458987,"orthographic":false}