{"cameraMode":{"drawMode":0,"name":"Shaded","section":"Shading Mode"},"sceneLighting":true,"audioPlay":false,"sceneViewState":{"showFog":true,"showMaterialUpdate":false,"showSkybox":true,"showFlares":true,"showImageEffects":true,"showParticleSystems":true},"in2DMode":false,"pivot":{"x":-8.380131721496582,"y":-3.114952564239502,"z":-6.112841606140137},"rotation":{"x":0.10703093558549881,"y":-0.8631600737571716,"z":0.20603017508983613,"w":0.4483916461467743},"size":13.607547760009766,"orthographic":false}